Juan,Castillo,ing.pundt@gmail.com,9222271374,1991-06-06
Kenyon,Gaylord,letitia@rice.com,411-032-9422,2017-06-01 19:18:55 -0500
Josianne,Larson,everett@hyattmurray.biz,203-839-7706 x674,2017-06-01 19:18:55 -0500
Diamond,Quitzon,dorothea@rau.info,153-004-7498,2017-06-01 19:18:55 -0500
Violette,Gislason,arlie@braunbartell.com,270.055.6570,2017-06-01 19:18:55 -0500
Albert,Nicolas,shaina.prohaska@champlin.co,212-998-6655,2017-06-01 19:18:55 -0500
Ferne,Windler,erika.toy@buckridge.info,129.701.3406 x5209,2017-06-01 19:18:55 -0500
Weston,Hammes,napoleon_stamm@nikolauteuber.info,1-281-009-2845 x7829,2017-06-01 19:18:55 -0500
Margarete,Maggio,annabel_toy@anderson.name,723.630.4450 x6502,2017-06-01 19:18:55 -0500
Christelle,Pacocha,kenny_langosh@kris.com,512-183-7520,2017-06-01 19:18:55 -0500
Creola,Shields,retha.metz@adams.org,1-766-809-2177 x619,2017-06-01 19:18:55 -0500
Orpha,Blanda,abelardo@hand.io,373.637.0430 x387,2017-06-01 19:18:55 -0500
Henderson,Kuhlman,lura@ritchie.info,674.910.2154 x97686,2017-06-01 19:18:55 -0500
Nikita,Runte,helena@kuphal.com,732.176.5751 x11071,2017-06-01 19:18:55 -0500
Ruth,Mann,devonte@ullrich.co,(109) 144-8206 x4949,2017-06-01 19:18:55 -0500
